S.NO.,Product Name ,Product Specifications,Manufacture,Qty,Price,GST
1,Kelly Artery Sraight ," 5 1/2""",,1,316.8,12%
2,Kelly Artery Curved ,"5 1/2""",,1,316.8,12%
3,Providence Hospital Artery Str ,5 1/2 Inch,,1,316.8,12%
4,Providence Hospital Artery Cvd ,5 1/2 Inch,,1,316.8,12%
5,Dandy Artery Str , 5 1/2 Inch,,1,316.8,12%
6,Dandy Artery Cvd ,5 1/2 Inch,,1,316.8,12%
7,Crile Artery Str , 5 1/2 Inch,,1,227.04,12%
8,Crile Artery Cvd , 5 1/2 Inch,,1,227.04,12%
9,Heiss Artery Str ," 8""",,1,316.8,12%
10,Heiss Artery Cvd ," 8""",,1,316.8,12%
11,Birkett Artery Str ,"7""",,1,316.8,12%
12,Birkett Artery Cvd ,"7""",,1,316.8,12%
13,Sarot Artery Str ,"9 1/2""",,1,448.8,12%
14,Sarot Artery Cvd ," 9 1/2""",,1,448.8,12%
15,Crafoord Artery Str ,"10""",,1,448.8,12%
16,Crafoord Artery Cvd ,"10""",,1,448.8,12%
17,Roberts Artery Str ,"10""",,1,448.8,12%
18,Roberts Artery Cvd ," 10""",,1,448.8,12%
19,Baby Mixter ," 5""",,1,343.2,12%
20,Mixter ," 6 1/4""",,1,316.8,12%
21,Mixter ," 7""",,1,448.8,12%
22,Mixter," 8""",,1,448.8,12%
23,Mixter ," 9""",,1,580.8,12%
24,Mixter ,"10""",,1,580.8,12%
25,Mixter Gemini ,"6 1/4""",,1,316.8,12%
26,Mixter Gemini ," 7""",,1,448.8,12%
27,Mixter Gemini ," 8""",,1,448.8,12%
28,Mixter Gemini ,"9""",,1,580.8,12%
29,Mixter Gemini ,"10""",,1,580.8,12%
30,Mixter Overholt Bayonet ,"9 1/2""",,1,726,12%
31,Lahey Mixter ,"7 1/2""",,1,448.8,12%
32,Lahey Mixter ," 9""",,1,580.8,12%
33,Mixter Overholt ," 7 1/2""",,1,448.8,12%
34,Kocher Str ," 5""",,1,316.8,12%
35,Kocher Cvd ,"5""",,1,316.8,12%
36,Kocher Delicate Pattern Str ,"6 1/4""",,1,316.8,12%
37,Kocher Delicate Pattern Cvd ,"6 1/4""",,1,316.8,12%
38,Kocher Ochestner Str ," 5""",,1,316.8,12%
39,Kocher Ochestner Str ,"7""",,1,448.8,12%
40,Kocher Ochestner Str ,"8""",,1,448.8,12%
41,Kocher Ochestner Str ," 9""",,1,580.8,12%
42,Kocher Ochestner Str ,"10""",,1,580.8,12%
43,Kocher Ochestner Cvd ,"5""",,1,316.8,12%
44,Kocher Ochestner Cvd ," 6""",,1,316.8,12%
45,Kocher Ochestner Cvd ," 7""",,1,448.8,12%
46,Kocher Ochestner Cvd ," 8""",,1,448.8,12%
47,Kocher Ochestner Cvd ,"9""",,1,580.8,12%
48,Kocher Ochestner Cvd ,"10""",,1,580.8,12%
49,Moynihan Artery Str ," 9 1/2""",,1,448.8,12%
50,Moynihan Artery Cvd ,"9 1/2""",,1,448.8,12%
51,Werthein Str ," 6""",,1,224.4,12%
52,Werthein Str ,"8""",,1,316.8,12%
53,Werthein Cvd ,"6""",,1,227.04,12%
54,Werthein Cvd ," 8""",,1,316.8,12%
55,Rochestner Carmalt Str ," 6 1/4""",,1,227.04,12%
56,Rochestner Carmalt Cvd ,"6 1/4""",,1,227.04,12%
57,Rochestner Carmalt Str ,"8""",,1,316.8,12%
58,Rochestner Carmalt Cvd ,"8""",,1,316.8,12%
59,Dabakey Atraumattic Artery  Str ," 6 1/4""",,1,2970,12%
60,Dabakey Atraumattic Artery  Cvd ,"6 1/4""",,1,2970,12%
61,Dabakey Atraumatic Str  ,"6 1/4""",,1,2970,12%
62,Dabakey Atraumatic Cvd ,"6 1/4""",,1,2970,12%
63,Baby Babcock ,"5""",,1,343.2,12%
64,Babcock Small Mouuth Delicate ,"6""",,1,316.8,12%
65,Babcock Small Mouuth Delicate ," 8""",,1,448.8,12%
66,Babcock ,"6""",,1,316.8,12%
67,Babcock ,"8""",,1,448.8,12%
68,Babcock ,"9 1/2""",,1,580.8,12%
69,Debakey Babcock ," 6""",,1,2970,12%
70,Debakey Babcock ," 8""",,1,3366,12%
71,William ,"6""",,1,726,12%
72,Duval ," 7""",,1,990,12%
73,Duval ,"8""",,1,1254,12%
74,Lane Gland Holding Forceps ,"5""",,1,0,12%
75,Lane Gland Holding Forceps ,"6""",,1,1650,12%
76,Lane Gland Holding Forceps ,"7""",,1,0,12%
77,TISSUE HOLDING FORCEPS (BABY-ALLIS),"12cm/ 5""",,1,343.2,12%
78,TISSUE HOLDING FORCEPS (BOYS-ALLIS),"15cm/ 6""",,1,316.8,12%
79,ADAIR-ALLIS (10:11 TEETH),"15cm/ 6""",,1,858,12%
80,ADAIR-ALLIS (10:11 TEETH),"20cm/ 8""",,1,1122,12%
81,TISSUE HOLDING FORCEPS (JUDD-ALLIS),"15cm/ 6""",,1,316.8,12%
82,TISSUE HOLDING FORCEPS (JUDD-ALLIS),"20cm/ 8""",,1,448.8,12%
83,TISSUE HOLDING FORCEPS (ALLIS),"15cm/ 6""",,1,316.8,12%
84,TISSUE HOLDING FORCEPS (ALLIS),"18cm/ 7""",,1,448.8,12%
85,TISSUE HOLDING FORCEPS (ALLIS),"20cm/ 8""",,1,448.8,12%
86,TISSUE HOLDING FORCEPS (ALLIS),"25cm/ 10""",,1,580.8,12%
87,TUFFIER-ALLIS (1:2 TEETH),"15cm/ 6""",,1,316.8,12%
88,TUFFIER-ALLIS (1:2 TEETH),"20cm/ 8""",,1,448.8,12%
89,DEBAKEY-ALLIS,"15cm/ 6""",,1,2970,12%
90,DEBAKEY-ALLIS,"20cm/ 8""",,1,3366,12%
91,JAMISON NEEDLE HOLDER,"23cm/ 9""",,1,726,12%
92,JOHNSON NEEDLE HOLDER,"27cm/10 1/2""",,1,990,12%
93,FINOCCHIETTO NEEDLE HOLDER,"27cm/10 1/2""",,1,1254,12%
94,MASSON-LUETHY (MULTI GROOVED),"20cm/ 8""",,1,448.8,12%
95,HEANEY NEEDLE HOLDER,"21cm/8 1/4""",,1,448.8,12%
96,HEANEY NEEDEL HOLDER,"27cm/10 1/2""",,1,580.8,12%
97,BOZEMANN NEEDEL HOLDER,"12.5cm/ 5""",,1,316.8,12%
98,BOZEMANN NEEDEL HOLDER,"15cm/ 6""",,1,227.04,12%
99,BOZEMANN NEEDEL HOLDER,"18cm/ 7""",,1,316.8,12%
100,BOZEMANN NEEDEL HOLDER,"20cm/ 8""",,1,316.8,12%
101,MASSON NEEDEL HOLDER,"23cm/ 9""",,1,448.8,12%
102,MASSON NEEDEL HOLDER,"25cm/ 10""",,1,580.8,12%
103,JOHNSON NEEDEL HOLDER,"27cm/10 1/2""",,1,726,12%
104,NEEDLE HOLDERS (CRILE WOOD),"10cm/ 4""",,1,343.2,12%
105,NEEDLE HOLDERS (CRILE WOOD),"12.5cm/ 5""",,1,316.8,12%
106,NEEDLE HOLDERS (CRILE WOOD),"15cm/ 6""",,1,227.04,12%
107,NEEDLE HOLDERS (CRILE WOOD),"18cm/ 7""",,1,316.8,12%
108,NEEDLE HOLDERS (CRILE WOOD),"20cm/ 8""",,1,316.8,12%
109,NEEDLE HOLDERS (MAYO HEGAR),"15cm/ 6""",,1,227.04,12%
110,NEEDLE HOLDERS (MAYO HEGAR),"18cm/ 7""",,1,316.8,12%
111,NEEDLE HOLDERS (MAYO HEGAR),"20cm/ 8""",,1,316.8,12%
112,NEEDLE HOLDERS (WANGENSTENN),"23cm/ 9""",,1,448.8,12%
113,NEEDLE HOLDERS (WANGENSTENN),"25cm/ 10""",,1,580.8,12%
114,MASSON NEEDLE HOLDER,"23cm/ 9""",,1,580.8,12%
115,MASSON NEEDLE HOLDER,"25cm/ 10""",,1,580.8,12%
116,OLSEN-HEGAR (WITH SCISSORS),"14cm/6 1/2""",,1,1254,12%
117,GILLIES (WITH SCISSORS),"16cm/6 1/4""",,1,1254,12%
118,MATHIEU,"14cm/5 1/2""",,1,2046,12%
119,MATHIEU,"17cm/6 3/4""",,1,2442,12%
120,RYDER-VASCULAR TC,"13cm/ 5""",,1,1782,12%
121,RYDER-VASCULAR TC,"15cm/ 6""",,1,1914,12%
122,RYDER-VASCULAR TC,"18cm/ 7""",,1,2046,12%
123,RYDER-VASCULAR TC,"20cm/ 8""",,1,2046,12%
124,RYDER-VASCULAR TC,"23cm/ 9""",,1,2178,12%
125,RYDER-VASCULAR TC,"26cm/10 1/4""",,1,2178,12%
126,NEEDLE HOLDERS (RYDER) NORMAL,"13cm/ 5""",,1,316.8,12%
127,NEEDLE HOLDERS (RYDER),"15cm/ 6""",,1,227.04,12%
128,NEEDLE HOLDERS (RYDER),"18cm/ 7""",,1,316.8,12%
129,NEEDLE HOLDERS (RYDER),"20cm/ 8""",,1,316.8,12%
130,NEEDLE HOLDERS (RYDER),"23cm/ 9""",,1,448.8,12%
131,NEEDLE HOLDERS (RYDER),"26cm/10 1/4""",,1,580.8,12%
132,DE BAKEY,"16cm/6 1/4""",,1,1914,12%
133,DE BAKEY,"18cm/ 7""",,1,2046,12%
134,DE BAKEY,"20cm/ 8""",,1,2046,12%
135,DE BAKEY,"23cm/ 9""",,1,2178,12%
136,WEBSTER SMOOTH JAWS,"13cm/ 5""",,1,594,12%
137,DE BAKEY VASCULAR,"18cm/ 7""",,1,2046,12%
138,DE BAKEY VASCULAR,"20cm/ 8""",,1,2046,12%
139,WIENER (SUTURE HOOK),"23.5cm/9 1/4""",,1,594,12%
140,CASPAR (KNOT TIER AND LIGATURE ADJUSTER),"23cm/ 9""",,1,594,12%
141,CASPAR BAYONET (KNOT TIER AND LIGATURE ADJUSTER),"23cm/ 9""",,1,594,12%
142,WARD (SKIN CLOSER),"18cm/ 7""",,1,0,12%
143,COLLIN (FOR SKIN STAPLE REMOVING),"13cm/ 5""",,1,462,12%
144,SYME (ANEURYSM),"16.5cm/6 1/2""",,1,726,12%
145,REVERDIN (PORT CLOSING NEEDLE),"14cm/5 1/2""",,1,0,12%
146,REVERDIN (PORT CLOSING NEEDLE),"19.5cm/7 3/4""",,1,0,12%
147,DESCHAMPS (SHARP) RIGHT HAND,"20cm/ 8""",,1,1122,12%
148,DESCHAMPS (SHARP) LEFT HAND,"20cm/ 8""",,1,1122,12%
149,DESCHAMPS (BLUNT) RIGHT HAND,"20cm/ 8""",,1,1122,12%
150,DESCHAMPS (BLUNT) LEFT HAND,"20cm/ 8""",,1,1122,12%
151,DESCHAMPS CORK SCREW SHAPE (BLUNT) RIGHT HAND,"20cm/ 8""",,1,1122,12%
152,DESCHAMPS CORK SCREW SHAPE (BLUNT) LEFT HAND,"20cm/8""",,1,1122,12%
153,STANDARD SCISSOR STR (BLUNT+BLUNT),"13cm/ 5""",,1,237.6,12%
154,STANDARD SCISSOR STR (BLUNT+BLUNT),"15cm/ 6""",,1,237.6,12%
155,STANDARD SCISSOR STR (BLUNT+BLUNT),"18cm/ 7""",,1,316.8,12%
156,STANDARD SCISSOR STR (BLUNT+BLUNT),"20cm/ 8""",,1,316.8,12%
157,STANDARD SCISSOR  STR (SHARP+BLUNT),"13cm/ 5""",,1,237.6,12%
158,STANDARD SCISSOR  STR (SHARP+BLUNT),"15cm/ 6""",,1,237.6,12%
159,STANDARD SCISSOR STR (SHARP+BLUNT),"18cm/ 7""",,1,316.8,12%
160,STANDARD SCISSOR STR (SHARP+BLUNT),"20cm/ 8""",,1,316.8,12%
161,STANDARD SCISSOR STR (SHARP+SHARP),"13cm/ 5""",,1,237.6,12%
162,STANDARD SCISSOR STR (SHARP+SHARP),"15cm/ 6""",,1,237.6,12%
163,STANDARD SCISSOR STR (SHARP+SHARP),"18cm/ 7""",,1,316.8,12%
164,STANDARD SCISSOR STR (SHARP+SHARP),"20cm/ 8""",,1,316.8,12%
165,STANDARD SCISSOR CVD (BLUNT+BLUNT),"13cm/ 5""",,1,237.6,12%
166,STANDARD SCISSOR CVD (BLUNT+BLUNT),"15cm/ 6""",,1,237.6,12%
167,STANDARD SCISSOR CVD (BLUNT+BLUNT),"18cm/ 7""",,1,316.8,12%
168,STANDARD SCISSOR CVD (BLUNT+BLUNT),"20cm/ 8""",,1,316.8,12%
169,STANDARD SCISSOR CVD (SHARP+BLUNT),"13cm/ 5""",,1,237.6,12%
170,STANDARD SCISSOR CVD (SHARP+BLUNT),"15cm/ 6""",,1,237.6,12%
171,STANDARD SCISSOR CVD (SHARP+BLUNT),"18cm/ 7""",,1,316.8,12%
172,STANDARD SCISSOR CVD (SHARP+BLUNT),"20cm/ 8""",,1,316.8,12%
173,STANDARD SCISSOR CVD (SHARP+SHARP),"13cm/ 5""",,1,237.6,12%
174,STANDARD SCISSOR CVD (SHARP+SHARP),"15cm/ 6""",,1,237.6,12%
175,STANDARD SCISSOR CVD (SHARP+SHARP),"18cm/ 7""",,1,316.8,12%
176,STANDARD SCISSOR CVD (SHARP+SHARP),"20cm/ 8""",,1,316.8,12%
177,PROBE SS (MALLEABLE),"18cm/ 7""",,1,198,12%
178,PROBE SS (MALLAEBLE),"20cm/ 8""",,1,198,12%
179,PROBE SS (MALLAEBLE),"25cm/ 10""",,1,237.6,12%
180,PROBE SS (MALLAEBLE),"30cm/ 12""",,1,330,12%
181,PROBE COPPER (MALLAEBLE),"18cm/ 7""",,1,330,12%
182,PROBE COPPER (MALLAEBLE),"20cm/ 8""",,1,330,12%
183,PROBE COPPER (MALLAEBLE),"25cm/ 10""",,1,462,12%
184,PROBE COPPER (MALLAEBLE),"30cm/ 12""",,1,462,12%
185,PROBE (WITH EYE),"15cm/ 6""",,1,237.6,12%
186,PROBE (WITH EYE),"18cm/ 7""",,1,343.2,12%
187,PROBE (WITH EYE),"20cm/ 8""",,1,343.2,12%
188,PROBES (DIRECTOR),"13cm/ 5""",,1,330,12%
189,PROBES DERECTOR (WITH TIP),"13cm/ 5""",,1,330,12%
190,LOCKHART-MUMMERY (FISTULA PROBE),"16.5cm/6 1/2""",,1,330,12%
191,LOCKHART-MUMMERY (FISTULA PROBE),"16.5cm/6 1/2""",,1,330,12%
192,LOCKHART-MUMMERY (FISTULA PROBE),"16.5cm/6 1/2""",,1,330,12%
193,LOCKHART-MUMMERY (FISTULA PROBE),"16.5cm/6 1/2""",,1,330,12%
194,DISSECTING SCISSORS (MAYO STR),"15cm/ 6""",,1,237.6,12%
195,DISSECTING SCISSORS (MAYO STR),"18cm/ 7""",,1,316.8,12%
196,DISSECTING SCISSORS (MAYO STR),"20cm/ 8""",,1,316.8,12%
197,DISSECTING SCISSORS (MAYO CVD),"15cm/ 6""",,1,237.6,12%
198,DISSECTING SCISSORS (MAYO CVD),"18cm/ 7""",,1,316.8,12%
199,DISSECTING SCISSORS (MAYO CVD),"20cm/ 8""",,1,316.8,12%
200,MAYO-HARRINGTON (STR),"22.5cm/ 9""",,1,448.8,12%
201,MAYO-HARRINGTON (STR),"25cm/ 10""",,1,448.8,12%
202,MAYO-HARRINGTON (CVD),"22.5cm/ 9""",,1,448.8,12%
203,MAYO-HARRINGTON (CVD),"25cm/ 10""",,1,448.8,12%
204,MAYO-STILLE (STR),"15cm/ 6""",,1,316.8,12%
205,MAYO-STILLE (STR),"18cm/ 7""",,1,448.8,12%
206,MAYO-STILLE (STR),"20cm/ 8""",,1,448.8,12%
207,MAYO-STILLE (CVD),"15cm/ 6""",,1,316.8,12%
208,MAYO-STILLE (CVD),"18cm/ 7""",,1,448.8,12%
209,MAYO-STILLE (CVD),"20cm/ 8""",,1,448.8,12%
210,DISSECTING SCISSORS (METZENBAUM STR),"10cm/ 4""",,1,343.2,12%
211,DISSECTING SCISSORS (METZENBAUM STR),"12cm/ 5""",,1,237.6,12%
212,DISSECTING SCISSORS (METZENBAUM STR),"15cm/ 6""",,1,237.6,12%
213,DISSECTING SCISSORS (METZENBAUM STR),"18cm/ 7""",,1,316.8,12%
214,DISSECTING SCISSORS (METZENBAUM STR),"20cm/ 8""",,1,316.8,12%
215,DISSECTING SCISSORS (METZENBAUM STR),"23cm/ 9""",,1,448.8,12%
216,DISSECTING SCISSORS (METZENBAUM STR),"25cm/ 10""",,1,448.8,12%
217,DISSECTING SCISSORS (METZENBAUM STR),"28cm/ 11""",,1,594,12%
218,DISSECTING SCISSORS (METZENBAUM STR),"30cm/ 12""",,1,594,12%
219,DISSECTING SCISSORS (METZENBAUM CVD),"10cm/ 4""",,1,343.2,12%
220,DISSECTING SCISSORS (METZENBAUM CVD),"12cm/ 5""",,1,237.6,12%
221,DISSECTING SCISSORS (METZENBAUM CVD),"15cm/ 6""",,1,237.6,12%
222,DISSECTING SCISSORS (METZENBAUM CVD),"18cm/ 7""",,1,316.8,12%
223,DISSECTING SCISSORS (METZENBAUM CVD),"20cm/ 8""",,1,316.8,12%
224,DISSECTING SCISSORS (METZENBAUM CVD),"23cm/ 9""",,1,448.8,12%
225,DISSECTING SCISSORS (METZENBAUM CVD),"25cm/ 10""",,1,448.8,12%
226,DISSECTING SCISSORS (METZENBAUM CVD),"28cm/ 11""",,1,594,12%
227,DISSECTING SCISSORS (METZENBAUM CVD),"30cm/ 12""",,1,594,12%
228,DISSECTING SCISSORS (NELSON METZENBAUM STR),"10cm/ 4""",,1,343.2,12%
229,DISSECTING SCISSORS (NELSON METZENBAUM STR),"12cm/ 5""",,1,237.6,12%
230,DISSECTING SCISSORS (NELSON METZENBAUM STR),"15cm/ 6""",,1,237.6,12%
231,DISSECTING SCISSORS (NELSON METZENBAUM STR),"18cm/ 7""",,1,316.8,12%
232,DISSECTING SCISSORS (NELSON METZENBAUM STR),"20cm/ 8""",,1,316.8,12%
233,DISSECTING SCISSORS (NELSON METZENBAUM STR),"23cm/ 9""",,1,448.8,12%
234,DISSECTING SCISSORS (NELSON METZENBAUM STR),"25cm/ 10""",,1,448.8,12%
235,DISSECTING SCISSORS (NELSON METZENBAUM STR),"28cm/ 11""",,1,594,12%
236,DISSECTING SCISSORS (NELSON METZENBAUM STR),"30cm/ 12""",,1,594,12%
237,DISSECTING SCISSORS (NELSON METZENBAUM CVD),"10cm/ 4""",,1,343.2,12%
238,DISSECTING SCISSORS (NELSON METZENBAUM CVD),"12cm/ 5""",,1,237.6,12%
239,DISSECTING SCISSORS (NELSON METZENBAUM CVD),"15cm/ 6""",,1,237.6,12%
240,DISSECTING SCISSORS (NELSON METZENBAUM CVD),"18cm/ 7""",,1,316.8,12%
241,DISSECTING SCISSORS (NELSON METZENBAUM CVD),"20cm/ 8""",,1,316.8,12%
242,DISSECTING SCISSORS (NELSON METZENBAUM CVD),"23cm/ 9""",,1,448.8,12%
243,DISSECTING SCISSORS (NELSON METZENBAUM CVD),"25cm/ 10""",,1,448.8,12%
244,DISSECTING SCISSORS (NELSON METZENBAUM CVD),"28cm/ 11""",,1,594,12%
245,DISSECTING SCISSORS (NELSON METZENBAUM CVD),"30cm/ 12""",,1,594,12%
246,DISSECTING SCISSORS (METZENBAUM FINE STR),"10cm/ 4""",,1,343.2,12%
247,DISSECTING SCISSORS (METZENBAUM FINE STR),"12cm/ 5""",,1,316.8,12%
248,DISSECTING SCISSORS (METZENBAUM FINE STR),"15cm/ 6""",,1,316.8,12%
249,DISSECTING SCISSORS (METZENBAUM FINE STR),"18cm/ 7""",,1,448.8,12%
250,DISSECTING SCISSORS (METZENBAUM FINE STR),"20cm/ 8""",,1,448.8,12%
251,DISSECTING SCISSORS (METZENBAUM FINE STR),"23cm/ 9""",,1,580.8,12%
252,DISSECTING SCISSORS (METZENBAUM FINE STR),"25cm/ 10""",,1,726,12%
253,DISSECTING SCISSORS (METZENBAUM FINE STR),"28cm/ 11""",,1,858,12%
254,DISSECTING SCISSORS (METZENBAUM FINE STR),"30cm/ 12""",,1,858,12%
255,DISSECTING SCISSORS (METZENBAUM FINE CVD),"10cm/ 4""",,1,343.2,12%
256,DISSECTING SCISSORS (METZENBAUM FINE CVD),"12cm/ 5""",,1,316.8,12%
257,DISSECTING SCISSORS (METZENBAUM FINE CVD),"15cm/ 6""",,1,316.8,12%
258,DISSECTING SCISSORS (METZENBAUM FINE CVD),"18cm/ 7""",,1,448.8,12%
259,DISSECTING SCISSORS (METZENBAUM FINE CVD),"20cm/ 8""",,1,448.8,12%
260,DISSECTING SCISSORS (METZENBAUM FINE CVD),"23cm/ 9""",,1,580.8,12%
261,DISSECTING SCISSORS (METZENBAUM FINE CVD),"25cm/ 10""",,1,726,12%
262,DISSECTING SCISSORS (METZENBAUM FINE CVD),"28cm/ 11""",,1,858,12%
263,DISSECTING SCISSORS (METZENBAUM FINE CVD),"30cm/ 12""",,1,858,12%
264,STEVENS (VESSEL AND TENDON SCISSORS STR),"11cm/4 1/4""",,1,594,12%
265,STEVENS (VESSEL AND TENDON SCISSORS CVD),"11cm/4 1/4""",,1,594,12%
266,STEVENS (VESSEL AND TENDON SCISSORS STR),"11cm/4 1/4""",,1,594,12%
267,STEVENS (VESSEL AND TENDON SCISSORS CVD),"11cm/4 1/4""",,1,594,12%
268,DELICATE SCISSORS FINE PATTERNS (STRABISMUS STR),"11.5cm/4 1/2""",,1,594,12%
269,DELICATE SCISSORS FINE PATTERNS (STRABISMUS CVD),"11.5cm/4 1/2""",,1,594,12%
270,DELICATE SCISSORS FINE PATTERNS (ENUCLEATION CVD),"11.5cm/4 1/2""",,1,594,12%
271,SPENCER (LIGATURE SCISSORS),"9cm/3 1/2""",,1,594,12%
272,SPENCER (LIGATURE SCISSORS),"14cm/5 1/2""",,1,594,12%
273,HEATH (LIGATURE SCISSORS),"15cm/ 6""",,1,290.4,12%
274,UNIVERSAL SERRATED (WIRE SCISSORS) ONLY TC,"12cm/4 3/4""",,1,2970,12%
275,DELICATE SCISSORS FINE PATTERNS (KELLY STR),"15cm/6""",,1,330,12%
276,DELICATE SCISSORS FINE PATTERNS (KELLY CVD),"15cm/6""",,1,330,12%
277,NERV-PRAPARIERSCHERE (NERVE DISSECTING SCISSORS STR),"15cm/6""",,1,462,12%
278,NERV-PRAPARIERSCHERE (NERVE DISSECTING SCISSORS CVD),"15cm/6""",,1,462,12%
279,KILNER (FOR UNDERMINING THE SKIN STR),"12cm/ 5""",,1,462,12%
280,KILNER (FOR UNDERMINING THE SKIN STR),"15cm/ 6""",,1,462,12%
281,KILNER (FOR UNDERMINING THE SKIN CVD),"12cm/5""",,1,462,12%
282,KILNER (FOR UNDERMINING THE SKIN CVD),"15cm/ 6""",,1,462,12%
283,DELICATE SCISSORS FINE PATTERNS  (JOSEPH STR),"14cm/5 1/2""",,1,462,12%
284,DELICATE SCISSORS FINE PATTERNS  (JOSEPH CVD),"14cm/5 1/2""",,1,462,12%
285,DELICATE SCISSORS FINE PATTERNS  (GORNEY STR ),"19.5cm/7 3/4""",,1,858,12%
286,DELICATE SCISSORS FINE PATTERNS  (GORNEY CVD),"19.5cm/7 3/4""",,1,858,12%
287,DELICATE SCISSORS FINE PATTERNS  (BONN STR),"9cm/3 1/2""",,1,462,12%
288,DELICATE SCISSORS FINE PATTERNS  (BONN STR),"11.5cm/4 1/2""",,1,462,12%
289,DELICATE SCISSORS FINE PATTERNS  (BONN CVD),"9cm/3 1/2""",,1,462,12%
290,DELICATE SCISSORS FINE PATTERNS  (BONN CVD),"11.5cm/4 1/2""",,1,462,12%
291,DIETHRICH-HEGEMANN(VESSEL SCISSORS)(25?),"17.5cm/ 7""",,1,726,12%
292,DIETHRICH-HEGEMANN(VESSEL SCISSORS)(45?),"17.5cm/ 7""",,1,726,12%
293,DIETHRICH-HEGEMANN(VESSEL SCISSORS)(60?),17.5cm,,1,726,12%
294,DIETHRICH (VESSEL SCISSORS) (90?),"17.5cm/ 7""",,1,726,12%
295,DIETHRICH (VESSEL SCISSORS) (125?),"17.5cm/ 7""",,1,726,12%
296,FAVOLORO (CORONARY ARTERY SCISSORS),"16cm/6 1/4""",,1,1122,12%
297,POTTS-DE-MARTEL (VESSEL SCISSORS)  (25?),"19cm/7 1/2""",,1,726,12%
298,POTTS-DE-MARTEL (VESSEL SCISSORS)  (40?),"19cm/7 1/2""",,1,726,12%
299,POTTS-DE-MARTEL (VESSEL SCISSORS)  (60?),"19cm/7 1/2""",,1,726,12%
300,SCHMIEDEN-TAYLOR,"15cm/ 6""",,1,858,12%
301,BOZEMANN (S SHAPED),"20cm/ 8""",,1,1122,12%
302,BOZEMANN (S SHAPED),"23cm/ 9""",,1,1254,12%
303,OLIVECRONA,"23cm/ 9""",,1,5610,12%
304,LA GRANGE,"11cm/4 3/4""",,1,594,12%
305,REYNOLDS CVD,"13cm/ 5""",,1,594,12%
306,REYNOLDS CVD,"15cm/ 6""",,1,594,12%
307,REYNOLDS CVD,"18cm/ 7""",,1,726,12%
308,SCHMIEDEN-TAYLOR (DURA SCISSORS),"17cm/6 3/4""",,1,726,12%
309,STRULLY CVD,"22cm/8 1/2""",,1,990,12%
310,TOENNIS-ADSON,"17.5cm/ 7""",,1,726,12%
311,DEAN,"17cm/6 3/4""",,1,594,12%
312,HEYMANN-KNIGHT,"18cm/ 7""",,1,1650,12%
313,COTTLE,"16cm/6 1/2""",,1,1650,12%
314,SCISSORS (MOD. USA) UMBILICAL SCISSORS,"10.5cm/4 1/4""",,1,250.8,12%
315,BUSCH (UNBILICAL SCISSORS),"16cm/6 1/4""",,1,330,12%
316,TAYLOR (BANDAGE CUTTING SCISSORS),"20cm/ 8""",,1,990,12%
317,LISTER (BANDAGE SCISSORS),"18cm/ 7""",,1,343.2,12%
318,WALDMANN (EPISIOTOMY SCISSORS),"18cm/7 1/4""",,1,343.2,12%
319,BRAUN-STADLER (EPISIOTOMY SCISSORS),"14.5cm/5 1/2""",,1,290.4,12%
320,BRAUN-STADLER (EPISIOTOMY SCISSORS),"22cm/8 1/4""",,1,343.2,12%
321,DEAVER STR,"16cm/6 1/4""",,1,316.8,12%
322,DOYEN STR,"18cm/ 7""",,1,448.8,12%
323,DOYEN CVD,"18cm/ 7""",,1,448.8,12%
324,RECTAL SCISSORS (LLOYD-DAVIES CVD)   GOLIGHER'S,"25cm/ 10""",,1,858,12%
325,STELZNER (HEAVY PATTERN) STRAIGHT,"30cm/ 12""",,1,1122,12%
326,STELZNER (HEAVY PATTERN) CVD,"30cm/ 12""",,1,1386,12%
327,STELZNER (CVD) SHORT BLADES (STRONG HEAVY PATTERN),"32cm/ 12 3/4""",,1,1386,12%
328,SIMS POINTED-ROUND (STR),"20cm/ 8""",,1,316.8,12%
329,SIMS POINTED-ROUND (STR),"23cm/ 9""",,1,448.8,12%
330,SIMS POINTED-ROUND (CVD),"20cm/ 8""",,1,316.8,12%
331,SIMS POINTED-ROUND (CVD),"23cm/ 9""",,1,448.8,12%
332,SIMS ROUND-ROUND (STR),"20cm/ 8""",,1,316.8,12%
333,SIMS ROUND-ROUND (STR),"23cm/ 9""",,1,448.8,12%
334,SIMS ROUND-ROUND (CVD),"20cm/ 8""",,1,316.8,12%
335,SIMS ROUND-ROUND (CVD),"23cm/ 9""",,1,448.8,12%
336,SIMS STR (POINTED-POINTED),"20cm/ 8""",,1,316.8,12%
337,WERTHEIM CVD,"14.5cm/ 5 3/4""",,1,237.6,12%
338,WERTHEIM CVD,"20cm/ 8""",,1,316.8,12%
339,WERTHEIM CVD,"23cm/ 9""",,1,448.8,12%
340,BOZEMANN MODIFF.,"23cm/ 9""",,1,0,12%
341,DISSECTING AND TISSUE FORCEPS STANDARD (SEREATED),"10.5cm/4 1/4""",,1,184.8,12%
342,DISSECTING AND TISSUE FORCEPS STANDARD (SEREATED),"13cm/ 5""",,1,184.8,12%
343,DISSECTING AND TISSUE FORCEPS STANDARD (SEREATED),"16cm/6 1/4""",,1,184.8,12%
344,DISSECTING AND TISSUE FORCEPS STANDARD (SEREATED),"18cm/ 7""",,1,211.2,12%
345,DISSECTING AND TISSUE FORCEPS STANDARD (SEREATED),"20cm/ 8""",,1,211.2,12%
346,DISSECTING AND TISSUE FORCEPS STANDARD (SEREATED),"25cm/ 10""",,1,290.4,12%
347,DISSECTING AND TISSUE FORCEPS STANDARD (SEREATED),"30cm/ 12""",,1,330,12%
348,STILLE (SEREATED),"16cm/6 1/4""",,1,184.8,12%
349,STILLE (SEREATED),"18cm/ 7""",,1,211.2,12%
350,STILLE (SEREATED),"20cm/ 8""",,1,211.2,12%
351,SEMKEN,"12.5cm/ 5""",,1,184.8,12%
352,SEMKEN,"15cm/ 6""",,1,211.2,12%
353,POTTS-SMITH,"18cm/ 7""",,1,211.2,12%
354,POTTS-SMITH,"21cm/8 1/4""",,1,211.2,12%
355,POTTS-SMITH,"25cm/ 10""",,1,290.4,12%
356,STANDARD TISSUE (1:2 TEETH),"10.5cm/4 1/4""",,1,184.8,12%
357,STANDARD TISSUE (1:2 TEETH),"13cm/ 5""",,1,184.8,12%
358,STANDARD TISSUE (1:2 TEETH),"16cm/6 1/4""",,1,184.8,12%
359,STILLE TISSUE (1:2 TEETH),"16cm/6 1/4""",,1,184.8,12%
360,STILLE TISSUE (1:2 TEETH),"18cm/ 7""",,1,211.2,12%
361,STILLE TISSUE (1:2 TEETH),"20cm/ 8""",,1,211.2,12%
362,SEMKEN TISSUE (1:2 TEETH),"12.5cm/ 5""",,1,184.8,12%
363,SEMKEN TISSUE (1:2 TEETH),"15cm/ 6""",,1,184.8,12%
364,POTTS-SMITH TISSUE (1:2 TEETH),"18cm/ 7""",,1,211.2,12%
365,POTTS-SMITH TISSUE (1:2 TEETH),"21cm/8 1/4""",,1,211.2,12%
366,POTTS-SMITH TISSUE (1:2 TEETH),"25cm/10""",,1,290.4,12%
367,ADSON (CROSS SERRATION),"12cm/ 5""",,1,184.8,12%
368,ADSON,"10cm/ 4""",,1,184.8,12%
369,ADSON,"12cm/ 5""",,1,184.8,12%
370,ADSON,"15cm/ 6""",,1,211.2,12%
371,MICRO-ADSON,"12cm/ 5""",,1,184.8,12%
372,MINI MICRO-ADSON (CROSS SERRATION),"12cm/ 5""",,1,184.8,12%
373,ADSON TISSUE (CROSS SERRATION) (1:2 TEETH),"12cm/4 3/4""",,1,184.8,12%
374,ADSON TISSUE (1:2 TEETH),"10cm/ 4""",,1,184.8,12%
375,ADSON TISSUE (1:2 TEETH),"12cm/ 5""",,1,184.8,12%
376,ADSON TISSUE (1:2 TEETH),"15cm/ 6""",,1,211.2,12%
377,MICRO-ADSON TISSSUE (1:2 TEETH),"12cm/ 5""",,1,184.8,12%
378,TAYLOR STR,"17.5cm/ 7""",,1,211.2,12%
379,GRUENWALD BAYONET SHAPED,"15cm/ 6""",,1,330,12%
380,GRUENWALD BAYONET SHAPED,"18cm/ 7""",,1,462,12%
381,GRUENWALD BAYONET SHAPED,"20cm/ 8""",,1,462,12%
382,CUSHING STR WITH SCRAPER END,"17.5cm/ 7""",,1,290.4,12%
383,GERALD STR,"18cm/ 7""",,1,330,12%
384,TAYLOR TISSUE STR (1:2 TEETH),"17.5cm/ 7""",,1,330,12%
385,GRUENWALD TISSUE (1:2 TEETH) BAYONET SHAPED,"15cm/ 6""",,1,330,12%
386,GRUENWALD TISSUE (1:2 TEETH) BAYONET SHAPED,"18cm/ 7""",,1,462,12%
387,GRUENWALD TISSUE (1:2 TEETH) BAYONET SHAPED,"20cm/ 8""",,1,462,12%
388,CUSHING TISSUE STR (1: TEETH) WITH SCRAPEREND,"17.5cm/ 7""",,1,330,12%
389,SINGLEY-TUTTLE LUNG DISSECTING FORCEPS,"23cm/ 9""",,1,726,12%
390,NELSON LUNG DISSECTING FORCEPS,"23cm/ 9""",,1,726,12%
391,MAYO-RUSS,"23cm/ 9""",,1,726,12%
392,DENIS-BROWNE INTESTINAL FORCEPS,"19cm/7 1/2""",,1,726,12%
393,TROELTSCH,"14cm/5 1/2""",,1,594,12%
394,GRAEFE MULTI TOOTH,"11cm/4 1/2""",,1,726,12%
395,BEER (CILIA FORCEPS),"8.5cm/3 3/8""",,1,726,12%
396,ADLERKREUTZ 2:3 TEETH,"15cm/ 6""",,1,462,12%
397,ADLERKREUTZ 2:3 TEETH,"20cm/ 8""",,1,594,12%
398,ADLERKREUTZ 4:5 TEETH,"15cm/ 6""",,1,594,12%
399,ADLERKREUTZ 4:5 TEETH,"20cm/ 8""",,1,726,12%
400,GILLIES CROSS SEREATION (1:2 TEETH),"15cm/ 6""",,1,462,12%
401,BONNEY (1:2 TEETH),"18cm/ 7""",,1,858,12%
402,McINDOE,"15cm/ 6""",,1,462,12%
403,McINDOE (1:2 TEETH),"15cm/ 6""",,1,462,12%
404,RUSS. MODELL,"15cm/ 6""",,1,594,12%
405,RUSS. MODELL,"20cm/ 8""",,1,726,12%
406,RUSS. MODELL,"25cm/ 10""",,1,858,12%
407,MICRO FORCEPS 0.2mm,"11cm/ 4""",,1,330,12%
408,MICRO FORCEPS 0.15mm,"11cm/ 4""",,1,330,12%
409,MICRO FORCEPS 0.3mm ANGLED,"11cm/ 4""",,1,330,12%
410,MICRO FORCEPS 0.2mm CVD,"11.5cm/4 1/2""",,1,330,12%
411,MICRO FORCEPS 0.4mm 1x2 TEETH,"11.5cm/4 1/2""",,1,330,12%
412,MICRO FORCEPS 0.3mm,"13.5cm/5 1/4""",,1,330,12%
413,MICRO FORCEPS 0.4mm 1x2 TEETH,"13.5cm/5 1/4""",,1,330,12%
414,De BAKEY (1.5mm),"16cm/6 1/4""",,1,1518,12%
415,De BAKEY (1.5mm),"20cm/ 8""",,1,1650,12%
416,De BAKEY (1.5mm),"24cm/9 1/4""",,1,1914,12%
417,De BAKEY (2.0mm),"16cm/6 1/4""",,1,1518,12%
418,De BAKEY (2.0mm),"20cm/ 8""",,1,1650,12%
419,De BAKEY (2.0mm),"24cm/9 1/4""",,1,1914,12%
420,De BAKEY (2.7mm),"16cm/6 1/4""",,1,1518,12%
421,De BAKEY (2.7mm),"20cm/ 8""",,1,1650,12%
422,De BAKEY (2.7mm),"24cm/9 1/4""",,1,1914,12%
423,De BAKEY ANGLED (2.0mm),"16cm/6 1/4""",,1,1518,12%
424,De BAKEY ANGLED (2.0mm),"20cm/ 8""",,1,1650,12%
425,De BAKEY ANGLED (2.0mm),"24cm/9 1/4""",,1,1914,12%
426,De BAKEY (3.5mm),"16cm/6 1/4""",,1,1518,12%
427,De BAKEY (3.5mm),"20cm/ 8""",,1,1650,12%
428,De BAKEY (3.5mm),"24cm/9 1/4""",,1,1914,12%
429,MICRO SUTURE TYING FORCEPS WITH PLATFORM (STR)  (0.3mm),"12cm/4 3/4""",,1,858,12%
430,MICRO SUTURE TYING FORCEPS WITH PLATFORM (CVD) (0.3mm),"12cm/4 3/4""",,1,858,12%
431,MICRO SUTURE TYING FORCEPS WITH PLATFORM (STR) (0.3mm),"15cm/ 6""",,1,858,12%
432,MICRO SUTURE TYING FORCEPS WITH PLATFORM (CVD) (0.3mm),"15cm/ 6""",,1,858,12%
433,MICRO SUTURE TYING FORCEPS WITH PLATFORM (STR) (0.6mm),"18cm/ 7""",,1,990,12%
434,MICRO SUTURE TYING FORCEPS WITH PLATFORM (CVD) (0.6mm),"18cm/ 7""",,1,990,12%
435,MICRO SUTURE TYING FORCEPS WITH PLATFORM (STR)(0.6mm),"23cm/ 9""",,1,1254,12%
436,MICRO SCISSORS (VANNAS STR),"8cm/3""",,1,990,12%
437,VANNAS CVD,"8cm/3""",,1,990,12%
438,VANNAS ANGLED,"8cm/3""",,1,990,12%
439,CASTROVIEJO STR,"11cm/4""",,1,990,12%
440,CASTROVIEJO CVD,"11cm/4""",,1,990,12%
441,MICRO DISSECTING SCISSORS SHARP POINTED STR,"16cm/6 1/4""",,1,1254,12%
442,MICRO DISSECTING SCISSORS SHARP POINTED CVD,"16cm/6 1/4""",,1,1254,12%
443,MICRO DISSECTING SCISSORS BLUNT POINTED CVD,"16cm/6 1/4""",,1,1254,12%
444,MICRO SUTURE TYING FORCEPS WITH PLATFORM (1:2 TEETH) STR (0.3mm,"12cm/4 3/4""",,1,858,12%
445,MICRO SUTURE TYING FORCEPS WITH PLATFORM (1:2 TEETH) CVD (0.3mm,"12cm/4 3/4""",,1,858,12%
446,MICRO SUTURE TYING FORCEPS WITH PLATFORM (1:2 TEETH) STR,"(0.3mm) 15cm/ 6""",,1,1650,12%
447,MICRO SUTURE TYING FORCEPS WITH PLATFORM (1:2 TEETH) CVD,"(0.3mm) 15cm/ 6""",,1,1650,12%
448,MICRO SUTURE TYING FORCEPS WITH PLATFORM (1:2 TEETH) STR,"(0.6mm) 18cm/ 7""",,1,1914,12%
449,MICRO SUTURE TYING FORCEPS WITH PLATFORM (1:2 TEETH) CVD,"(0.6mm) 18cm/ 7""",,1,1914,12%
450,MICRO SUTURE TYING FORCEPS WITH PLATFORM (1:2 TEETH) STR,"(0.6mm) 23cm/ 9""",,1,2178,12%
451,MICRO DISSECTING SCISSORS SHARP POINTED  STR,"18cm/7""",,1,1650,12%
452,MICRO DISSECTING SCISSORS SHARP POINTED CVD,"18cm/7""",,1,1650,12%
453,MICRO DISSECTING SCISSORS BLUNT POINTED CVD,"18cm/7""",,1,1650,12%
454,MICRO DISSECTING SCISSORS SHARP POINTED,"18cm/7"" 45?",,1,1650,12%
455,MICRO DISSECTING SCISSORS SHARP POINTED,"18cm/7"" 90?",,1,1650,12%
456,MICRO DISSECTING SCISSORS SHARP POINTED,"18cm/7"" 120?",,1,1650,12%
457,MICRO DISSECTING SCISSORS SHARP POINTED  STR,"23cm/9""",,1,1914,12%
458,MICRO DISSECTING SCISSORS SHARP POINTED CVD,"23cm/9""",,1,1914,12%
459,MICRO DISSECTING SCISSORS BLUNT POINTED CVD,"23cm/9""",,1,1914,12%
460,MICRO DISSECTING SCISSORS SHARP POINTED LIGHTWEIGHT STR,"18.5cm/7 1/4""",,1,1914,12%
461,MICRO DISSECTING SCISSORS SHARP POINTED LIGHTWEIGHT CVD,"18.5cm/7 1/4""",,1,1914,12%
462,YASARGIL SHARP POINTED LIGHTWEIGHT STR,"22.5cm/9""",,1,2442,12%
463,YASARGIL SHARP POINTED LIGHTWEIGHT CVD,"22.5cm/9""",,1,2442,12%
464,MICRO NEEDLE HOLDERS (KALT WITH CATCH),"13.5cm/5 1/4""",,1,0,12%
465,BARRAQUER WITHOUT CATCH STR,"12cm/4 3/4""",,1,1650,12%
466,BARRAQUER WITHOUT CATCH CVD,"12cm/4 3/4""",,1,1650,12%
467,BARRAQUER WITH CATCH STR,"12cm/4 3/4""",,1,1650,12%
468,BARRAQUER WITH CATCH CVD,"12cm/4 3/4""",,1,1650,12%
469,SILCOCK WITH CATCH,"18cm/7""",,1,0,12%
470,CASTROVIEJO WITHOUT CATCH STR,"15cm/6""",,1,1650,12%
471,CASTROVIEJO WITHOUT CATCH CVD,"15cm/6""",,1,1650,12%
472,CASTROVIEJO WITH CATCH STR,"15cm/6""",,1,1650,12%
473,CASTROVIEJO WITH CATCH CVD,"15cm/6""",,1,1650,12%
474,CASTROVIEJO WITHOUT CATCH,"23cm/9""",,1,2442,12%
475,CASTROVIEJO WITH CATCH,"23cm/9""",,1,2442,12%
476,BABY METZENBAUM STR,"11.5cm/4 1/2""",,1,1914,12%
477,METZENBAUM STR,"14.5cm/6""",,1,1914,12%
478,METZENBAUM STR,"18cm/7""",,1,2046,12%
479,METZENBAUM STR,"20.0cm/8""",,1,2178,12%
480,BABY METZENBAUM CVD,"11.5cm/4 1/2""",,1,1914,12%
481,METZENBAUM CVD,"14.5cm/6""",,1,1914,12%
482,METZENBAUM CVD,"18.0cm/7""",,1,2046,12%
483,METZENBAUM CVD,"20.0cm/8""",,1,2178,12%
484,SCISSORS WITH TUNGSTEN CARBIDE INSERTS (MAYO STR ),"14.5cm/6""",,1,1914,12%
485,SCISSORS WITH TUNGSTEN CARBIDE INSERTS (MAYO STR),"17.0cm/7""",,1,2046,12%
486,SCISSORS WITH TUNGSTEN CARBIDE INSERTS (MAYO CVD),"14.5cm/6""",,1,1914,12%
487,SCISSORS WITH TUNGSTEN CARBIDE INSERTS (MAYO CVD),"17.0cm/7""",,1,2046,12%
488,METZENBAUM FINO CVD,"18.0cm/7""",,1,2046,12%
489,METZENBAUM FINO CVD,"20.0cm/8""",,1,2178,12%
490,De BAKEY POTTS SMITH (CARDIO VASCULAR SCISSORS),"23.0cm/9""45?",,1,2178,12%
491,WERTTHEIM STRONGLY CVD (PARAMETRIUM SCISSORS),"23.0cm/9""",,1,2178,12%
492,SIMS CVD (UTERINE SCISSORS),"23.0cm/9""",,1,2178,12%
493,WIRE CUTTING SCISSORS (ONE BLADE SERRATED),"12.0cm/5""",,1,2970,12%
494,WIRE CUTTING PLIER FOR SOFT WIRES UPTO 2.0mm FOR HARD WIRES UPT,"16.0cm/6 1/4""",,1,6930,12%
495,WIRE CUTTING PLIER FOR WIRES UPTO 2.5mm,"22.0cm/8 3/4""",,1,13002,12%
496,POTTS SMITH DISSECTING FORCEP,"15.0cm/6""",,1,184.8,12%
497,POTTS SMITH DISSECTING FORCEP,"18.0cm/7""",,1,211.2,12%
498,POTTS SMITH DISSECTING FORCEP,"20.0cm/8""",,1,211.2,12%
499,POTTS SMITH DISSECTING FORCEP,"23.0cm/9""",,1,290.4,12%
500,WANGENSTEEN DISSECTING FORCEP,"15.0cm/6""",,1,330,12%
501,WANGENSTEEN DISSECTING FORCEP,"23.0cm/9""",,1,594,12%
502,NEEDLE HOLDERS WITH TUNGSTEN CARBIDE INSERTS (DERF),"12.0cm/4 3/4""",,1,1914,12%
503,NEEDLE HOLDERS WITH TUNGSTEN CARBIDE INSERTS (HALSEY),"13.0cm/5""",,1,1914,12%
504,CRILE-WOOD,"16cm/6 1/4""",,1,1914,12%
505,CRILE-WOOD,"18cm/7""",,1,2046,12%
506,CRILE-WOOD,"20cm/8""",,1,2178,12%
507,CRILE-WOOD,"24cm/9 1/2""",,1,2442,12%
508,MAYO HEGAR,"16cm/6 1/4""",,1,1914,12%
509,MAYO HEGAR,"18cm/7""",,1,2046,12%
510,MAYO HEGAR,"20cm/8""",,1,2178,12%
511,MAYO HEGAR,"24cm/9/1/2""",,1,2442,12%
512,DE BAKEY,"18cm/7""",,1,2046,12%
513,DE BAKEY,"20cm/8""",,1,2178,12%
514,DE BAKEY,"23cm/9""",,1,2442,12%
515,DE BAKEY,"26cm/10 1/4""",,1,2970,12%
516,HEGAR,"20cm/8""",,1,2178,12%
517,HEGAR,"24cm/9 1/2""",,1,2442,12%
518,MASSON,"27cm/10 1/2""",,1,2970,12%
519,FORCEPS WITH TUNGSTEN CARBIDE INSERTS (ADSON),"12.0cm/4 3/4""",,1,1518,12%
520,FORCEPS WITH TUNGSTEN CARBIDE INSERTS (ADSON),"15.0cm/6""",,1,1650,12%
521,Mc INDOE DISSECTING FORCEP,"15.0cm/6""",,1,1650,12%
522,CUSHING (WITH DISSECTOR END),"17.5cm/7""",,1,1782,12%
523,CUSHING TAYLOR,"17.5cm/7""",,1,1782,12%
524,BOZEMANN,"20cm/8""",,1,1914,12%
525,HEANEY,"20cm/8""",,1,2178,12%
526,HEANEY,"26cm/10 1/4""",,1,2970,12%
527,FINOCCHIETTO,"27cm/10 1/2""",,1,3366,12%
528,RYDER VASCULAR,"13cm/5""",,1,1914,12%
529,RYDER VASCULAR,"15cm/6""",,1,1914,12%
530,RYDER VASCULAR,"18cm/7""",,1,2046,12%
531,RYDER VASCULAR,"20cm/8""",,1,2178,12%
532,RYDER VASCULAR,"23cm/9""",,1,2442,12%
533,RYDER VASCULAR,"26cm/10 1/4""",,1,2970,12%
534,WANGENSTEIN,"27cm/10 1/2""",,1,3366,12%
535,JACOBSON  STR,"18cm/7""",,1,3366,12%
536,JACOBSON CVD,"18cm/7""",,1,3366,12%
537,DEBAKEY VASCULAR,"18cm/7""",,1,2046,12%
538,DEBAKEY VASCULAR,"20cm/8""",,1,2178,12%
539,DEBAKEY VASCULAR,"23cm/9""",,1,2442,12%
540,GILLIES,"16cm/6 1/4""",,1,3379.2,12%
541,MATHIEU,"17cm/6 1/2""",,1,3795,12%
542,BABCOCK,"16cm/6 1/4""",,1,3003,12%
543,BABCOCK,"20cm/8""",,1,3352.8,12%
544,ALLIS TISSUE,"16cm/6 1/4""",,1,3003,12%
545,ALLIS TISSUE,"20cm/8""",,1,3352.8,12%
546,DUVAL,"20cm/8""",,1,0,12%
547,SKIN RETRACTORS VICKERS,"18.5cm/7""",,1,462,12%
548,VICKERS TWO PRONG,"18.5cm/7""",,1,462,12%
549,VICKERS THREE PRONG,"18.5cm/7""",,1,462,12%
550,GILLIES,"20cm/8""",,1,462,12%
551,GRAEFE,"16cm/6 1/4""",,1,594,12%
552,GUTHRIE,"16cm/6 1/4""",,1,594,12%
553,VOLKMANN SHARP,"16.5cm/6 1/2""",,1,594,12%
554,VOLKMANN BLUNT,"16.5cm/6 1/2""",,1,594,12%
555,VOLKMANN (WITH FLEXIBLE ARM) SHARP         (2 PROGNS),"16cm/6 1/4""",,1,0,12%
556,VOLKMANN (WITH FLEXIBLE ARM) SHARP             (3 PROGNS),"16cm/6 1/4""",,1,0,12%
557,VOLKMANN (WITH FLEXIBLE ARM) SHARP         (4 PRONGS),"16cm/6 1/4""",,1,0,12%
558,VOLKMANN (WITH FLEXIBLE ARM) BLUNT         (2 PROGNS),"16cm/6 1/4""",,1,0,12%
559,VOLKMANN (WITH FLEXIBLE ARM) BLUNT         (3 PROGNS),"16cm/6 1/4""",,1,0,12%
560,VOLKMANN (WITH FLEXIBLE ARM) BLUNT         (4 PRONGS),"16cm/6 1/4""",,1,0,12%
561,DESMARRES No.1,"16cm/6 1/4""",,1,462,12%
562,DESMARRES No.2,"16cm/6 1/4""",,1,462,12%
563,DESMARRES No.3,"16cm/6 1/4""",,1,462,12%
564,DESMARRES (FENESTRATED) No.1,"16cm/6 1/4""",,1,594,12%
565,DESMARRES (FENESTRATED) No.2,"16cm/6 1/4""",,1,594,12%
566,DESMARRES (FENESTRATED) No.3,"16cm/6 1/4""",,1,594,12%
567,MINI-LANGENBECK (10x6mm),"16cm/6 1/4""",,1,594,12%
568,MINI-LANGENBECK (20x6mm),"16cm/6 1/4""",,1,594,12%
569,SENN-GREEN (10x6mm),"16cm/6 1/4""",,1,594,12%
570,SENN-GREEN  (20x6mm),"16cm/6 1/4""",,1,594,12%
571,MICRO RETRACTOR,"16cm/6 1/4""",,1,594,12%
572,SENN-MUELLER SHARP,"16cm/6 1/4""",,1,594,12%
573,SEEN-MUELLER BLUNT,"16cm/6 1/4""",,1,594,12%
574,CUSHING (No.1),"24cm/9 1/2""",,1,594,12%
575,CUSHING (No.2),"24cm/9 1/2""",,1,594,12%
576,CUSHING (No.3),"24cm/9 1/2""",,1,594,12%
577,BABCOCK,"16cm/6 1/4""",,1,3003,12%
578,BABCOCK,"20cm/8""",,1,3352.8,12%
579,ALLIS TISSUE,"16cm/6 1/4""",,1,3003,12%
580,ALLIS TISSUE,"20cm/8""",,1,3352.8,12%
581,DUVAL,"20cm/8""",,1,0,12%
582,VOLKMANN (SHARP) 1 PRONG,"22cm/8 3/4""",,1,726,12%
583,VOLKMANN (SHARP) 2 PRONG,"22cm/8 3/4""",,1,726,12%
584,VOLKMANN (SHARP) 3 PRONG,"22cm/8 3/4""",,1,726,12%
585,VOLKMANN (SHARP) 4 PRONG,"22cm/8 3/4""",,1,726,12%
586,VOLKMANN (BLUNT) 1 PRONG,"22cm/8 3/4""",,1,726,12%
587,VOLKMANN (BLUNT) 2 PRONG,"22cm/8 3/4""",,1,726,12%
588,VOLKMANN (BLUNT) 3 PRONG,"22cm/8 3/4""",,1,726,12%
589,VOLKMANN (BLUNT) 4 PRONG,"22cm/8/3/4""",,1,726,12%
590,GIL-VERNET HILAR RETRACTOR   (8mm),"20cm/8""",,1,594,12%
591,GIL-VERNET HILAR RETRACTOR (15mm),"20cm/8""",,1,594,12%
592,GIL-VERNET HILAR RETRACTOR (20mm),"20cm/8""",,1,594,12%
593,GIL-VERNET HILAR RETRACTOR (23mm),"20cm/8""",,1,594,12%
594,GIL-VERNET VEIN RETRACTOR  (8mm),"30cm/12""",,1,726,12%
595,GIL-VERNET VEIN RETRACTOR  (15mm),"30cm/12""",,1,726,12%
596,GIL-VERNET VEIN RETRACTOR  (20mm),"30cm/12""",,1,726,12%
597,GIL-VERNET VEIN RETRACTOR  (23mm),"30cm/12""",,1,726,12%
598,"DOYEN (WITH RING HANDLE)(2"")","22cm/8 1/2""",,1,726,12%
599,"DOYEN (WITH RING HANDLE)(2 1/2"")","22cm/8 1/2""",,1,726,12%
600,"DOYEN (WITH RING HANDLE)(3"")","22cm/8 1/2""",,1,726,12%
601,"DOYEN (WITH RING HANDLE)(3 1/2"")","22cm/8 1/2""",,1,726,12%
602,"DOYEN (WITH RING HANDLE)(4"")","22cm/8 1/2""",,1,726,12%
603,"MORRIS (WITH RING HANDLE)(2"")","22cm/8 1/2""",,1,726,12%
604,"MORRIS (WITH RING HANDLE) (2 1/2"")","22cm/8 1/2""",,1,726,12%
605,"MORRIS (WITH RING HANDLE)(3"")","22cm/8 1/2""",,1,726,12%
606,"MORRIS (WITH RING HANDLE) (3 1/2"")","22cm/8 1/2""",,1,726,12%
607,"MORRIS (WITH RING HANDLE)(4"")","22cm/8 1/2""",,1,726,12%
608,"DOYEN (WITH ALUMINIUM HANDLE) (2"")",,,1,726,12%
609,"DOYEN (WITH ALUMINIUM HANDLE) (2 1/2"")",,,1,726,12%
610,"DOYEN (WITH ALUMINIUM HANDLE)(3"")",,,1,726,12%
611,"DOYEN (WITH ALUMINIUM HANDLE)(3 1/2"")",,,1,726,12%
612,"DOYEN (WITH ALUMINIUM HANDLE) (4"")",,,1,726,12%
613,"FRITSCH  (2 1/2"")","22cm/8 1/2""",,1,726,12%
614,"FRITSCH  (3"")","22cm/8 1/2""",,1,726,12%
615,"FRITSCH  (3 1/2"")","22cm/8 1/2""",,1,726,12%
616,RICHARDSON-EASTMANN,(NO.1),,1,462,12%
617,RICHARDSON-EASTMANN,(NO.2),,1,462,12%
618,RETRACTORS DEAVER (MINI LAP),NO.1,,1,462,12%
619,RETRACTORS DEAVER (MINI LAP),NO.2,,1,462,12%
620,RETRACTORS DEAVER (MINI LAP),NO.3,,1,462,12%
621,"DEAVER(1"")","30cm/12""",,1,726,12%
622,"DEAVER (1 1/2"")","30cm/12""",,1,726,12%
623,"DEAVER (2"")","30cm/12""",,1,726,12%
624,"DEAVER (2 1/2"")","30cm/12""",,1,726,12%
625,"DEAVER (3"")","30cm/12""",,1,726,12%
626,"DEAVER MD. (1"")","30cm/12""",,1,726,12%
627,"DEAVER MD. (1 1/2"")","30cm/12""",,1,726,12%
628,"DEAVER MD. (2"")","30cm/12""",,1,726,12%
629,"DEAVER MD. (2 1/2"")","30cm/12""",,1,726,12%
630,"DEAVER MD. (3"")","30cm/12""",,1,726,12%
631,LANGENBECK (6x25mm),"22cm/8 1/2""",,1,726,12%
632,LANGENBECK (8x35mm),"22cm/8 1/2""",,1,726,12%
633,LANGENBECK  (11x35mm),"22cm/8 1/2""",,1,726,12%
634,LANGENBECK (15x35mm),"22cm/8 1/2""",,1,726,12%
635,LANGENBECK (11x41mm),"22cm/8 1/2""",,1,726,12%
636,LANGENBECK (11x55mm),"22cm/8 1/2""",,1,726,12%
637,LANGENBECK  (14x70mm),"22cm/8 1/2""",,1,726,12%
638,LANGENBECK (12x80mm),"22cm/8 1/2""",,1,726,12%
639,LANGENBECK (16x80mm),"22cm/8 1/2""",,1,726,12%
640,BABY ROUX (24x20/20x28mm),"15cm/6""",,1,462,12%
641,ROUX (24x20/20x28mm),"15cm/6""",,1,462,12%
642,ROUX (29x26x/36x36mm),"16cm/6 1/4""",,1,462,12%
643,ROUX (33x29/38x43mm),"17cm/6 3/4""",,1,462,12%
644,PARKER(22x15/22x15mm),"13.5cm/5 1/4""",,1,462,12%
645,PARKER (19x15/19x15mm),"14cm/5 1/2""",,1,462,12%
646,FARABEUF (23x16/26x16mm),"15cm/6""",,1,462,12%
647,FARABEUF (27x16/30x16mm),"16cm/6 1/4""",,1,462,12%
648,COLLIN HARTMANN,"14cm/5 1/2""",,1,0,12%
649,CZERNY,"15cm/6""",,1,462,12%
650,CZERNY,"18cm/7""",,1,462,12%
651,CZERNY,"20cm/8""",,1,462,12%
652,CANNY RYAL'S,"18cm/7""",,1,0,12%
653,MATHIEU (47x13/42x25mm),"20cm/8""",,1,462,12%
654,MATHIEU (47x13/42x25mm),"20cm/8""",,1,462,12%
